Time,ROOM_184271FF:BOSTON LOGAN INTL ARPT ANN HTG 99.6% CONDNS DB:Des Heat Load [W],ROOM_184271FF:BOSTON LOGAN INTL ARPT ANN CLG .4% CONDNS DB=>MWB:Des Sens Cool Load [W],ROOM_184271FF:BOSTON LOGAN INTL ARPT ANN HTG 99.6% CONDNS DB:Des Heat Mass Flow [kg/s],ROOM_184271FF:BOSTON LOGAN INTL ARPT ANN CLG .4% CONDNS DB=>MWB:Des Cool Mass Flow [kg/s],ROOM_2268FC85:BOSTON LOGAN INTL ARPT ANN HTG 99.6% CONDNS DB:Des Heat Load [W],ROOM_2268FC85:BOSTON LOGAN INTL ARPT ANN CLG .4% CONDNS DB=>MWB:Des Sens Cool Load [W],ROOM_2268FC85:BOSTON LOGAN INTL ARPT ANN HTG 99.6% CONDNS DB:Des Heat Mass Flow [kg/s],ROOM_2268FC85:BOSTON LOGAN INTL ARPT ANN CLG .4% CONDNS DB=>MWB:Des Cool Mass Flow [kg/s],ROOM_565DB822:BOSTON LOGAN INTL ARPT ANN HTG 99.6% CONDNS DB:Des Heat Load [W],ROOM_565DB822:BOSTON LOGAN INTL ARPT ANN CLG .4% CONDNS DB=>MWB:Des Sens Cool Load [W],ROOM_565DB822:BOSTON LOGAN INTL ARPT ANN HTG 99.6% CONDNS DB:Des Heat Mass Flow [kg/s],ROOM_565DB822:BOSTON LOGAN INTL ARPT ANN CLG .4% CONDNS DB=>MWB:Des Cool Mass Flow [kg/s],ROOM_D27F8739:BOSTON LOGAN INTL ARPT ANN HTG 99.6% CONDNS DB:Des Heat Load [W],ROOM_D27F8739:BOSTON LOGAN INTL ARPT ANN CLG .4% CONDNS DB=>MWB:Des Sens Cool Load [W],ROOM_D27F8739:BOSTON LOGAN INTL ARPT ANN HTG 99.6% CONDNS DB:Des Heat Mass Flow [kg/s],ROOM_D27F8739:BOSTON LOGAN INTL ARPT ANN CLG .4% CONDNS DB=>MWB:Des Cool Mass Flow [kg/s],ROOM_DF3CB535:BOSTON LOGAN INTL ARPT ANN HTG 99.6% CONDNS DB:Des Heat Load [W],ROOM_DF3CB535:BOSTON LOGAN INTL ARPT ANN CLG .4% CONDNS DB=>MWB:Des Sens Cool Load [W],ROOM_DF3CB535:BOSTON LOGAN INTL ARPT ANN HTG 99.6% CONDNS DB:Des Heat Mass Flow [kg/s],ROOM_DF3CB535:BOSTON LOGAN INTL ARPT ANN CLG .4% CONDNS DB=>MWB:Des Cool Mass Flow [kg/s]
00:10:00,2.997550E+02,2.648660E+02,1.204521E-02,2.043717E-02,3.047348E+02,3.997784E+02,1.224575E-02,3.084672E-02,8.478958E+01,1.142955E+02,3.407354E-03,8.818922E-03,1.731234E+02,8.191735E+01,6.955603E-03,6.321186E-03,2.473086E+02,1.546084E+02,9.937300E-03,1.192981E-02
00:20:00,3.111951E+02,2.678895E+02,1.250475E-02,2.067052E-02,3.172914E+02,4.018294E+02,1.275015E-02,3.100501E-02,9.229099E+01,1.167763E+02,3.708730E-03,9.010364E-03,1.793927E+02,8.315114E+01,7.207430E-03,6.416408E-03,2.565869E+02,1.571247E+02,1.030999E-02,1.212402E-02
00:30:00,3.218092E+02,2.702061E+02,1.293112E-02,2.084929E-02,3.286791E+02,4.030695E+02,1.320760E-02,3.110071E-02,9.857718E+01,1.187868E+02,3.961267E-03,9.165496E-03,1.853096E+02,8.405928E+01,7.445140E-03,6.486488E-03,2.654560E+02,1.591363E+02,1.066627E-02,1.227926E-02
00:40:00,3.319611E+02,2.719421E+02,1.333896E-02,2.098325E-02,3.392606E+02,4.036563E+02,1.363269E-02,3.114597E-02,1.041430E+02,1.203956E+02,4.184866E-03,9.289622E-03,1.907284E+02,8.469055E+01,7.662861E-03,6.535195E-03,2.739453E+02,1.607225E+02,1.100733E-02,1.240166E-02
00:50:00,3.419152E+02,2.732018E+02,1.373888E-02,2.108043E-02,3.493517E+02,4.037168E+02,1.403810E-02,3.115061E-02,1.091768E+02,1.216633E+02,4.387095E-03,9.387428E-03,1.956534E+02,8.508779E+01,7.860743E-03,6.565839E-03,2.818452E+02,1.619513E+02,1.132473E-02,1.249648E-02
01:00:00,3.512356E+02,2.740744E+02,1.411337E-02,2.114774E-02,3.591621E+02,4.033565E+02,1.443225E-02,3.112277E-02,1.138966E+02,1.226458E+02,4.576714E-03,9.463221E-03,2.000889E+02,8.528971E+01,8.038955E-03,6.581408E-03,2.891215E+02,1.628834E+02,1.161708E-02,1.256839E-02
01:10:00,3.599344E+02,2.749660E+02,1.446288E-02,2.121651E-02,3.687573E+02,4.030815E+02,1.481778E-02,3.110151E-02,1.185142E+02,1.235211E+02,4.762243E-03,9.530743E-03,2.041051E+02,8.542302E+01,8.200314E-03,6.591682E-03,2.958297E+02,1.637872E+02,1.188661E-02,1.263811E-02
01:20:00,3.680327E+02,2.756241E+02,1.478826E-02,2.126726E-02,3.778887E+02,4.025729E+02,1.518469E-02,3.106222E-02,1.231139E+02,1.242033E+02,4.947063E-03,9.583364E-03,2.077512E+02,8.543268E+01,8.346809E-03,6.592416E-03,3.020035E+02,1.645012E+02,1.213466E-02,1.269319E-02
01:30:00,3.755755E+02,2.760961E+02,1.509132E-02,2.130366E-02,3.865162E+02,4.018778E+02,1.553134E-02,3.100855E-02,1.274882E+02,1.247266E+02,5.122839E-03,9.623729E-03,2.110753E+02,8.534137E+01,8.480368E-03,6.585360E-03,3.076790E+02,1.650618E+02,1.236270E-02,1.273643E-02
01:40:00,3.826036E+02,2.764200E+02,1.537371E-02,2.132863E-02,3.946576E+02,4.010381E+02,1.585846E-02,3.094374E-02,1.316598E+02,1.251189E+02,5.290466E-03,9.653984E-03,2.141205E+02,8.516874E+01,8.602727E-03,6.572031E-03,3.128566E+02,1.654976E+02,1.257073E-02,1.277005E-02
01:50:00,3.891516E+02,2.766262E+02,1.563681E-02,2.134453E-02,4.023385E+02,4.000895E+02,1.616709E-02,3.087053E-02,1.356465E+02,1.254030E+02,5.450667E-03,9.675895E-03,2.169305E+02,8.493165E+01,8.715637E-03,6.553730E-03,3.176123E+02,1.658321E+02,1.276180E-02,1.279584E-02
02:00:00,3.952661E+02,2.767402E+02,1.588249E-02,2.135331E-02,4.096108E+02,3.990609E+02,1.645929E-02,3.079115E-02,1.394140E+02,1.255984E+02,5.602062E-03,9.690962E-03,2.195664E+02,8.464433E+01,8.821553E-03,6.531553E-03,3.220232E+02,1.660850E+02,1.293903E-02,1.281536E-02
02:10:00,4.008913E+02,2.767629E+02,1.610851E-02,2.135506E-02,4.164740E+02,3.979536E+02,1.673506E-02,3.070570E-02,1.429571E+02,1.257141E+02,5.744440E-03,9.699890E-03,2.220302E+02,8.430912E+01,8.920561E-03,6.505682E-03,3.261257E+02,1.662570E+02,1.310386E-02,1.282862E-02
02:20:00,4.061425E+02,2.767137E+02,1.631949E-02,2.135125E-02,4.229454E+02,3.967831E+02,1.699509E-02,3.061538E-02,1.462888E+02,1.257659E+02,5.878323E-03,9.703881E-03,2.243365E+02,8.393545E+01,9.013239E-03,6.476845E-03,3.299671E+02,1.663659E+02,1.325821E-02,1.283701E-02
02:30:00,4.110610E+02,2.766027E+02,1.651710E-02,2.134268E-02,4.290332E+02,3.955675E+02,1.723970E-02,3.052157E-02,1.494322E+02,1.257626E+02,6.004641E-03,9.703618E-03,2.265005E+02,8.353170E+01,9.100199E-03,6.445686E-03,3.335976E+02,1.664197E+02,1.340409E-02,1.284116E-02
02:40:00,4.157025E+02,2.764406E+02,1.670360E-02,2.133017E-02,4.346871E+02,3.943195E+02,1.746688E-02,3.042527E-02,1.523943E+02,1.257129E+02,6.123672E-03,9.699784E-03,2.285374E+02,8.310471E+01,9.182048E-03,6.412735E-03,3.370956E+02,1.664267E+02,1.354465E-02,1.284169E-02
02:50:00,4.201158E+02,2.762371E+02,1.688093E-02,2.131446E-02,4.399977E+02,3.930486E+02,1.768024E-02,3.032721E-02,1.551886E+02,1.256253E+02,6.235960E-03,9.693015E-03,2.304603E+02,8.266014E+01,9.259318E-03,6.378427E-03,3.404577E+02,1.663952E+02,1.367976E-02,1.283926E-02
03:00:00,4.243555E+02,2.759999E+02,1.705129E-02,2.129616E-02,4.450095E+02,3.917629E+02,1.788161E-02,3.022801E-02,1.578281E+02,1.255062E+02,6.342028E-03,9.683830E-03,2.322810E+02,8.220279E+01,9.332479E-03,6.343134E-03,3.436917E+02,1.663320E+02,1.380973E-02,1.283438E-02
03:10:00,4.285262E+02,2.757161E+02,1.721888E-02,2.127425E-02,4.497730E+02,3.904473E+02,1.807301E-02,3.012650E-02,1.603244E+02,1.253543E+02,6.442343E-03,9.672108E-03,2.340097E+02,8.172732E+01,9.401941E-03,6.306443E-03,3.468056E+02,1.662291E+02,1.393486E-02,1.282644E-02
03:20:00,4.325760E+02,2.753902E+02,1.738163E-02,2.124910E-02,4.543332E+02,3.891066E+02,1.825624E-02,3.002304E-02,1.626876E+02,1.251740E+02,6.537311E-03,9.658191E-03,2.356553E+02,8.123675E+01,9.468064E-03,6.268587E-03,3.498087E+02,1.660891E+02,1.405554E-02,1.281564E-02
03:30:00,4.365231E+02,2.750261E+02,1.754026E-02,2.122101E-02,4.587412E+02,3.877446E+02,1.843337E-02,2.991795E-02,1.649262E+02,1.249688E+02,6.627268E-03,9.642357E-03,2.372255E+02,8.073357E+01,9.531160E-03,6.229758E-03,3.527090E+02,1.659154E+02,1.417209E-02,1.280223E-02
03:40:00,4.403621E+02,2.746271E+02,1.769453E-02,2.119022E-02,4.630961E+02,3.863647E+02,1.860837E-02,2.981148E-02,1.670436E+02,1.247418E+02,6.712354E-03,9.624840E-03,2.387257E+02,8.021994E+01,9.591438E-03,6.190122E-03,3.555104E+02,1.657114E+02,1.428466E-02,1.278649E-02
03:50:00,4.440987E+02,2.741960E+02,1.784469E-02,2.115696E-02,4.673591E+02,3.849698E+02,1.877969E-02,2.970385E-02,1.690425E+02,1.244955E+02,6.792677E-03,9.605840E-03,2.401617E+02,7.969769E+01,9.649139E-03,6.149821E-03,3.582194E+02,1.654796E+02,1.439352E-02,1.276860E-02
04:00:00,4.477389E+02,2.737354E+02,1.799097E-02,2.112141E-02,4.715357E+02,3.835621E+02,1.894753E-02,2.959523E-02,1.709078E+02,1.242323E+02,6.867631E-03,9.585526E-03,2.415392E+02,7.916843E+01,9.704492E-03,6.108980E-03,3.608429E+02,1.652223E+02,1.449894E-02,1.274875E-02
04:10:00,4.512872E+02,2.732654E+02,1.813356E-02,2.108514E-02,4.756225E+02,3.821648E+02,1.911177E-02,2.948742E-02,1.726723E+02,1.239603E+02,6.938530E-03,9.564542E-03,2.428632E+02,7.864165E+01,9.757688E-03,6.068330E-03,3.633865E+02,1.649549E+02,1.460115E-02,1.272811E-02
04:20:00,4.547476E+02,2.727880E+02,1.827261E-02,2.104830E-02,4.796222E+02,3.807788E+02,1.927250E-02,2.938047E-02,1.743453E+02,1.236814E+02,7.005753E-03,9.543021E-03,2.441376E+02,7.811874E+01,9.808898E-03,6.027979E-03,3.658549E+02,1.646795E+02,1.470034E-02,1.270686E-02
04:30:00,4.581238E+02,2.723069E+02,1.840828E-02,2.101119E-02,4.835368E+02,3.794079E+02,1.942981E-02,2.927469E-02,1.759410E+02,1.233977E+02,7.069873E-03,9.521129E-03,2.453663E+02,7.760166E+01,9.858267E-03,5.988078E-03,3.682525E+02,1.643991E+02,1.479669E-02,1.268522E-02
04:40:00,4.614244E+02,2.733468E+02,1.854091E-02,2.109142E-02,4.873746E+02,3.786072E+02,1.958404E-02,2.921292E-02,1.774748E+02,1.232663E+02,7.131506E-03,9.510993E-03,2.465541E+02,7.749289E+01,9.905993E-03,5.979684E-03,3.705867E+02,1.653874E+02,1.489048E-02,1.276148E-02
04:50:00,4.646519E+02,2.776358E+02,1.867061E-02,2.142238E-02,4.911372E+02,3.784932E+02,1.973523E-02,2.920413E-02,1.789612E+02,1.233415E+02,7.191234E-03,9.516792E-03,2.477037E+02,7.816141E+01,9.952185E-03,6.031273E-03,3.728604E+02,1.691591E+02,1.498184E-02,1.305252E-02
05:00:00,4.678074E+02,2.872863E+02,1.879741E-02,2.216706E-02,4.948245E+02,3.792462E+02,1.988341E-02,2.926224E-02,1.804308E+02,1.237048E+02,7.250292E-03,9.544830E-03,2.488172E+02,7.998743E+01,9.996925E-03,6.172191E-03,3.750756E+02,1.775020E+02,1.507086E-02,1.369632E-02
05:10:00,5.425958E+02,3.381782E+02,2.210267E-02,2.637942E-02,5.831672E+02,4.234493E+02,2.374802E-02,3.297583E-02,2.141433E+02,1.404851E+02,8.732761E-03,1.094955E-02,2.761898E+02,9.465761E+01,1.125790E-02,7.388571E-03,4.278069E+02,2.149384E+02,1.742872E-02,1.678000E-02
05:20:00,5.640888E+02,3.726076E+02,2.332100E-02,2.956112E-02,6.026700E+02,4.382970E+02,2.489490E-02,3.463371E-02,2.294552E+02,1.491681E+02,9.509809E-03,1.181179E-02,2.907638E+02,1.051681E+02,1.204402E-02,8.353259E-03,4.472109E+02,2.434012E+02,1.850091E-02,1.934389E-02
05:30:00,6.192288E+02,4.287257E+02,2.601338E-02,3.455959E-02,6.669519E+02,4.734451E+02,2.800351E-02,3.799084E-02,2.571314E+02,1.639489E+02,1.082869E-02,1.318461E-02,3.125966E+02,1.205007E+02,1.314805E-02,9.721568E-03,4.868121E+02,2.868137E+02,2.045790E-02,2.316025E-02
05:40:00,6.617470E+02,4.853291E+02,2.815478E-02,3.960856E-02,7.153991E+02,5.032432E+02,3.042073E-02,4.090237E-02,2.791710E+02,1.768227E+02,1.190161E-02,1.439848E-02,3.304284E+02,1.349468E+02,1.407750E-02,1.101780E-02,5.181266E+02,3.309919E+02,2.205325E-02,2.704906E-02
05:50:00,7.012535E+02,5.442699E+02,3.016637E-02,4.487400E-02,7.606734E+02,5.321773E+02,3.270141E-02,4.374436E-02,2.993830E+02,1.892326E+02,1.289547E-02,1.557449E-02,3.467490E+02,1.489905E+02,1.494152E-02,1.228477E-02,5.470292E+02,3.765593E+02,2.354444E-02,3.107208E-02
06:00:00,7.384365E+02,6.037594E+02,3.207814E-02,5.022000E-02,8.034380E+02,5.605723E+02,3.487444E-02,4.654527E-02,3.181247E+02,2.012965E+02,1.382585E-02,1.672306E-02,3.618804E+02,1.622327E+02,1.575415E-02,1.349159E-02,5.740829E+02,4.217428E+02,2.495601E-02,3.509258E-02
06:10:00,7.540771E+02,6.633390E+02,3.341666E-02,5.584921E-02,8.239172E+02,5.855410E+02,3.651291E-02,4.927457E-02,3.303824E+02,2.117236E+02,1.465589E-02,1.781983E-02,3.650934E+02,1.739040E+02,1.618302E-02,1.464062E-02,5.838586E+02,4.662479E+02,2.587582E-02,3.925767E-02
06:20:00,7.674229E+02,7.305600E+02,3.448184E-02,6.224182E-02,8.417131E+02,6.218436E+02,3.780221E-02,5.291425E-02,3.405883E+02,2.250977E+02,1.533977E-02,1.916336E-02,3.669287E+02,1.864477E+02,1.651074E-02,1.587863E-02,5.911498E+02,5.141744E+02,2.657567E-02,4.380904E-02
06:30:00,7.762060E+02,7.897979E+02,3.547465E-02,6.805422E-02,8.540225E+02,6.501585E+02,3.902285E-02,5.595678E-02,3.484650E+02,2.358358E+02,1.596592E-02,2.030718E-02,3.674199E+02,1.962830E+02,1.680606E-02,1.690361E-02,5.960477E+02,5.556262E+02,2.724902E-02,4.787482E-02
06:40:00,7.836308E+02,8.499204E+02,3.635045E-02,7.395921E-02,8.648816E+02,6.806589E+02,4.010867E-02,5.916845E-02,3.552524E+02,2.471380E+02,1.651665E-02,2.149208E-02,3.670415E+02,2.057040E+02,1.704331E-02,1.788910E-02,5.995225E+02,5.965008E+02,2.782014E-02,5.190239E-02
06:50:00,7.893441E+02,9.094753E+02,3.713333E-02,7.984379E-02,8.737891E+02,7.115043E+02,4.108971E-02,6.240889E-02,3.609598E+02,2.584077E+02,1.700866E-02,2.267256E-02,3.659207E+02,2.144697E+02,1.723921E-02,1.881782E-02,6.017699E+02,6.360214E+02,2.832350E-02,5.583193E-02
07:00:00,7.936825E+02,9.680102E+02,3.784234E-02,8.566874E-02,8.811329E+02,7.425708E+02,4.198738E-02,6.566955E-02,3.658000E+02,2.696113E+02,1.745367E-02,2.384660E-02,3.641885E+02,2.226525E+02,1.740137E-02,1.969603E-02,6.029976E+02,6.740345E+02,2.877144E-02,5.964939E-02
07:10:00,8.014132E+02,1.034737E+03,3.887527E-02,9.317571E-02,8.898994E+02,7.820777E+02,4.316551E-02,7.040841E-02,3.697915E+02,2.846173E+02,1.794107E-02,2.563200E-02,3.669728E+02,2.330953E+02,1.780331E-02,2.098902E-02,6.083007E+02,7.171828E+02,2.950897E-02,6.457409E-02
07:20:00,8.241294E+02,1.089501E+03,4.044465E-02,9.985995E-02,9.191315E+02,8.090640E+02,4.509538E-02,7.407496E-02,3.786302E+02,2.958673E+02,1.859294E-02,2.711571E-02,3.731401E+02,2.408076E+02,1.832572E-02,2.206650E-02,6.229758E+02,7.522803E+02,3.058055E-02,6.894433E-02
07:30:00,8.352980E+02,1.145953E+03,4.152330E-02,1.068229E-01,9.323214E+02,8.414724E+02,4.633904E-02,7.837534E-02,3.830343E+02,3.084498E+02,1.905251E-02,2.875845E-02,3.764578E+02,2.493615E+02,1.872285E-02,2.324243E-02,6.303364E+02,7.883083E+02,3.133928E-02,7.347461E-02
07:40:00,8.497130E+02,1.198638E+03,4.272182E-02,1.134405E-01,9.500058E+02,8.715250E+02,4.775564E-02,8.241884E-02,3.887902E+02,3.199506E+02,1.955886E-02,3.028388E-02,3.807851E+02,2.573718E+02,1.915542E-02,2.435609E-02,6.398628E+02,8.219018E+02,3.217666E-02,7.777788E-02
07:50:00,8.643012E+02,1.248036E+03,4.391411E-02,1.197799E-01,9.677234E+02,9.007162E+02,4.915765E-02,8.637710E-02,3.946889E+02,3.308138E+02,2.006301E-02,3.174377E-02,3.852632E+02,2.651510E+02,1.958828E-02,2.544382E-02,6.495642E+02,8.533477E+02,3.301123E-02,8.189531E-02
08:00:00,8.789415E+02,1.294839E+03,4.509761E-02,1.259077E-01,9.854384E+02,9.295658E+02,5.054703E-02,9.030459E-02,4.006698E+02,3.411788E+02,2.056388E-02,3.315328E-02,3.898382E+02,2.728920E+02,2.002032E-02,2.652500E-02,6.593452E+02,8.831021E+02,3.384087E-02,8.587043E-02
08:10:00,8.369121E+02,1.294512E+03,4.319386E-02,1.268357E-01,9.357878E+02,9.106604E+02,4.829708E-02,8.923490E-02,3.797865E+02,3.325212E+02,1.960142E-02,3.258247E-02,3.740791E+02,2.669661E+02,1.930616E-02,2.615893E-02,6.293777E+02,8.802885E+02,3.248265E-02,8.624927E-02
08:20:00,8.327080E+02,1.317367E+03,4.297670E-02,1.290870E-01,9.340626E+02,9.234090E+02,4.820786E-02,9.048724E-02,3.728250E+02,3.324720E+02,1.924207E-02,3.257889E-02,3.678429E+02,2.670230E+02,1.898420E-02,2.616593E-02,6.237343E+02,8.919918E+02,3.219123E-02,8.740470E-02
08:30:00,8.085348E+02,1.327155E+03,4.172911E-02,1.300495E-01,9.063287E+02,9.198594E+02,4.677652E-02,9.013988E-02,3.587929E+02,3.274433E+02,1.851786E-02,3.208630E-02,3.574375E+02,2.641629E+02,1.844717E-02,2.588592E-02,6.057611E+02,8.950876E+02,3.126362E-02,8.771047E-02
08:40:00,7.928958E+02,1.340013E+03,4.092205E-02,1.313101E-01,8.888796E+02,9.229791E+02,4.587607E-02,9.044543E-02,3.488447E+02,3.245895E+02,1.800444E-02,3.180661E-02,3.499366E+02,2.628390E+02,1.806005E-02,2.575621E-02,5.936754E+02,8.998061E+02,3.063991E-02,8.817341E-02
08:50:00,7.798151E+02,1.353167E+03,4.024697E-02,1.325994E-01,8.742412E+02,9.287275E+02,4.512062E-02,9.100868E-02,3.405144E+02,3.226406E+02,1.757450E-02,3.161563E-02,3.436799E+02,2.621678E+02,1.773713E-02,2.569045E-02,5.835640E+02,9.043251E+02,3.011806E-02,8.861639E-02
09:00:00,7.685613E+02,1.365803E+03,3.966616E-02,1.338377E-01,8.615847E+02,9.363741E+02,4.446742E-02,9.175801E-02,3.334060E+02,3.213513E+02,1.720762E-02,3.148931E-02,3.383580E+02,2.619317E+02,1.746246E-02,2.566734E-02,5.748893E+02,9.081326E+02,2.967035E-02,8.898955E-02
09:10:00,7.587473E+02,1.377525E+03,3.915964E-02,1.349863E-01,8.504885E+02,9.455399E+02,4.389474E-02,9.265624E-02,3.272810E+02,3.205853E+02,1.689149E-02,3.141428E-02,3.337860E+02,2.620130E+02,1.722649E-02,2.567533E-02,5.673558E+02,9.109779E+02,2.928153E-02,8.926836E-02
09:20:00,7.500865E+02,1.388027E+03,3.871264E-02,1.360154E-01,8.406433E+02,9.559377E+02,4.338661E-02,9.367519E-02,3.219551E+02,3.202455E+02,1.661661E-02,3.138099E-02,3.298220E+02,2.623318E+02,1.702190E-02,2.570657E-02,5.607420E+02,9.126964E+02,2.894017E-02,8.943673E-02
09:30:00,7.423347E+02,1.396653E+03,3.831255E-02,1.368606E-01,8.317873E+02,9.674988E+02,4.292953E-02,9.480812E-02,3.172823E+02,3.203591E+02,1.637543E-02,3.139213E-02,3.263543E+02,2.629727E+02,1.684293E-02,2.576938E-02,5.548560E+02,9.130476E+02,2.863638E-02,8.947112E-02
09:40:00,7.353462E+02,1.403373E+03,3.795186E-02,1.375191E-01,8.237640E+02,9.798854E+02,4.251543E-02,9.602193E-02,3.131423E+02,3.208089E+02,1.616175E-02,3.143622E-02,3.232818E+02,2.638120E+02,1.668435E-02,2.585164E-02,5.495843E+02,9.119992E+02,2.836430E-02,8.936835E-02
09:50:00,7.289949E+02,1.408031E+03,3.762405E-02,1.379754E-01,8.164392E+02,9.928567E+02,4.213738E-02,9.729304E-02,3.094451E+02,3.215242E+02,1.597093E-02,3.150632E-02,3.205485E+02,2.647726E+02,1.654328E-02,2.594577E-02,5.448260E+02,9.094782E+02,2.811871E-02,8.912127E-02
10:00:00,7.231735E+02,1.410468E+03,3.732360E-02,1.382142E-01,8.096977E+02,1.006224E+03,4.178944E-02,9.860290E-02,3.061202E+02,3.224532E+02,1.579932E-02,3.159737E-02,3.180980E+02,2.658174E+02,1.641680E-02,2.604815E-02,5.404953E+02,9.054106E+02,2.789520E-02,8.872265E-02
10:10:00,7.177954E+02,1.410488E+03,3.704602E-02,1.382160E-01,8.034461E+02,1.019769E+03,4.146678E-02,9.993025E-02,3.031063E+02,3.235409E+02,1.564377E-02,3.170395E-02,3.158836E+02,2.669039E+02,1.630251E-02,2.615463E-02,5.365227E+02,8.997318E+02,2.769016E-02,8.816614E-02
10:20:00,7.127922E+02,1.407882E+03,3.678780E-02,1.379606E-01,7.976109E+02,1.033322E+03,4.116561E-02,1.012583E-01,3.003539E+02,3.247417E+02,1.550171E-02,3.182163E-02,3.138675E+02,2.679994E+02,1.619846E-02,2.626198E-02,5.328524E+02,8.923815E+02,2.750073E-02,8.744584E-02
10:30:00,7.081092E+02,1.402883E+03,3.654610E-02,1.374707E-01,7.921330E+02,1.046567E+03,4.088289E-02,1.025562E-01,2.978227E+02,3.259145E+02,1.537107E-02,3.193655E-02,3.120191E+02,2.689326E+02,1.610306E-02,2.635342E-02,5.294397E+02,8.834063E+02,2.732460E-02,8.656633E-02
10:40:00,7.037025E+02,1.395142E+03,3.631866E-02,1.367121E-01,7.869649E+02,1.059480E+03,4.061615E-02,1.038216E-01,2.954801E+02,3.270833E+02,1.525016E-02,3.205109E-02,3.103136E+02,2.697598E+02,1.601504E-02,2.643448E-02,5.262485E+02,8.726954E+02,2.715989E-02,8.551673E-02
10:50:00,6.995303E+02,1.384519E+03,3.610332E-02,1.356710E-01,7.820607E+02,1.072019E+03,4.036303E-02,1.050502E-01,2.932958E+02,3.282426E+02,1.513742E-02,3.216468E-02,3.087283E+02,2.705067E+02,1.593322E-02,2.650766E-02,5.232449E+02,8.602356E+02,2.700487E-02,8.429574E-02
11:00:00,6.955650E+02,1.371039E+03,3.589867E-02,1.343501E-01,7.773903E+02,1.084087E+03,4.012199E-02,1.062328E-01,2.912486E+02,3.293814E+02,1.503176E-02,3.227627E-02,3.072470E+02,2.711712E+02,1.585677E-02,2.657278E-02,5.204057E+02,8.460900E+02,2.685834E-02,8.290957E-02
11:10:00,6.917851E+02,1.354862E+03,3.570358E-02,1.327648E-01,7.729307E+02,1.095557E+03,3.989182E-02,1.073567E-01,2.893217E+02,3.304664E+02,1.493231E-02,3.238258E-02,3.058567E+02,2.717547E+02,1.578501E-02,2.662995E-02,5.177127E+02,8.304182E+02,2.671934E-02,8.137385E-02
11:20:00,6.881722E+02,1.336407E+03,3.551711E-02,1.309563E-01,7.686617E+02,1.106334E+03,3.967148E-02,1.084128E-01,2.875008E+02,3.314849E+02,1.483833E-02,3.248239E-02,3.045463E+02,2.722726E+02,1.571738E-02,2.668069E-02,5.151501E+02,8.135193E+02,2.658709E-02,7.971788E-02
11:30:00,6.847105E+02,1.316319E+03,3.533845E-02,1.289879E-01,7.645661E+02,1.116342E+03,3.946010E-02,1.093934E-01,2.857741E+02,3.324289E+02,1.474921E-02,3.257489E-02,3.033068E+02,2.727366E+02,1.565341E-02,2.672616E-02,5.127051E+02,7.958571E+02,2.646089E-02,7.798713E-02
11:40:00,6.813872E+02,1.295553E+03,3.516693E-02,1.269530E-01,7.606296E+02,1.125549E+03,3.925693E-02,1.102956E-01,2.841315E+02,3.332942E+02,1.466443E-02,3.265967E-02,3.021305E+02,2.731593E+02,1.559270E-02,2.676758E-02,5.103664E+02,7.780681E+02,2.634019E-02,7.624396E-02
11:50:00,6.781912E+02,1.275345E+03,3.500197E-02,1.249727E-01,7.568398E+02,1.133903E+03,3.906133E-02,1.111142E-01,2.825648E+02,3.340804E+02,1.458357E-02,3.273671E-02,3.010110E+02,2.735554E+02,1.553492E-02,2.680639E-02,5.081249E+02,7.609714E+02,2.622451E-02,7.456863E-02
12:00:00,6.751129E+02,1.257063E+03,3.484310E-02,1.231813E-01,7.531863E+02,1.142072E+03,3.887277E-02,1.119146E-01,2.810669E+02,3.349916E+02,1.450626E-02,3.282600E-02,2.999428E+02,2.741260E+02,1.547980E-02,2.686230E-02,5.059727E+02,7.454675E+02,2.611343E-02,7.304941E-02
12:10:00,6.721443E+02,1.241237E+03,3.468989E-02,1.216305E-01,7.496599E+02,1.150992E+03,3.869076E-02,1.127886E-01,2.796317E+02,3.363400E+02,1.443219E-02,3.295812E-02,2.989215E+02,2.751412E+02,1.542709E-02,2.696179E-02,5.039029E+02,7.319127E+02,2.600660E-02,7.172119E-02
12:20:00,6.692784E+02,1.228091E+03,3.454197E-02,1.203424E-01,7.462527E+02,1.161492E+03,3.851491E-02,1.138176E-01,2.782543E+02,3.383967E+02,1.436109E-02,3.315966E-02,2.979431E+02,2.768417E+02,1.537659E-02,2.712843E-02,5.019097E+02,7.204681E+02,2.590373E-02,7.059976E-02
12:30:00,6.665089E+02,1.217558E+03,3.439904E-02,1.193104E-01,7.429577E+02,1.174282E+03,3.834486E-02,1.150709E-01,2.769301E+02,3.414022E+02,1.429275E-02,3.345418E-02,2.970042E+02,2.794462E+02,1.532813E-02,2.738366E-02,4.999881E+02,7.111113E+02,2.580456E-02,6.968293E-02
12:40:00,6.638304E+02,1.209236E+03,3.426079E-02,1.184949E-01,7.397688E+02,1.189953E+03,3.818027E-02,1.166066E-01,2.756554E+02,3.455646E+02,1.422696E-02,3.386207E-02,2.961019E+02,2.831450E+02,1.528156E-02,2.774613E-02,4.981336E+02,7.036065E+02,2.570884E-02,6.894759E-02
12:50:00,6.612381E+02,1.202362E+03,3.412700E-02,1.178214E-01,7.366805E+02,1.208967E+03,3.802088E-02,1.184698E-01,2.744269E+02,3.510573E+02,1.416355E-02,3.440032E-02,2.952337E+02,2.880975E+02,1.523675E-02,2.823146E-02,4.963423E+02,6.974850E+02,2.561639E-02,6.834778E-02
13:00:00,6.587276E+02,1.195943E+03,3.399743E-02,1.171925E-01,7.336877E+02,1.230984E+03,3.786641E-02,1.206273E-01,2.732417E+02,3.578170E+02,1.410238E-02,3.506273E-02,2.943973E+02,2.942472E+02,1.519359E-02,2.883410E-02,4.946106E+02,6.921249E+02,2.552702E-02,6.782258E-02
13:10:00,6.562949E+02,1.189671E+03,3.387187E-02,1.165778E-01,7.307859E+02,1.255337E+03,3.771665E-02,1.230138E-01,2.720971E+02,3.656565E+02,1.404331E-02,3.583095E-02,2.935909E+02,3.014468E+02,1.515197E-02,2.953963E-02,4.929355E+02,6.873656E+02,2.544056E-02,6.735625E-02
13:20:00,6.539365E+02,1.183309E+03,3.375015E-02,1.159545E-01,7.279711E+02,1.281348E+03,3.757137E-02,1.255627E-01,2.709909E+02,3.743890E+02,1.398622E-02,3.668666E-02,2.928126E+02,3.095406E+02,1.511180E-02,3.033278E-02,4.913140E+02,6.830819E+02,2.535687E-02,6.693651E-02
13:30:00,6.516490E+02,1.176712E+03,3.363209E-02,1.153081E-01,7.252394E+02,1.308352E+03,3.743038E-02,1.282089E-01,2.699211E+02,3.838251E+02,1.393100E-02,3.761132E-02,2.920610E+02,3.183697E+02,1.507301E-02,3.119798E-02,4.897437E+02,6.791768E+02,2.527583E-02,6.655387E-02
13:40:00,6.494295E+02,1.169753E+03,3.351754E-02,1.146261E-01,7.225873E+02,1.335723E+03,3.729350E-02,1.308911E-01,2.688858E+02,3.937794E+02,1.387757E-02,3.858675E-02,2.913345E+02,3.277805E+02,1.503552E-02,3.212016E-02,4.882221E+02,6.755700E+02,2.519730E-02,6.620045E-02
13:50:00,6.472750E+02,1.162325E+03,3.340635E-02,1.138982E-01,7.200117E+02,1.362904E+03,3.716057E-02,1.335545E-01,2.678833E+02,4.040765E+02,1.382583E-02,3.959577E-02,2.906320E+02,3.376291E+02,1.499926E-02,3.308524E-02,4.867472E+02,6.721928E+02,2.512118E-02,6.586952E-02
14:00:00,6.451831E+02,1.154343E+03,3.329838E-02,1.131161E-01,7.175094E+02,1.389416E+03,3.703143E-02,1.361525E-01,2.669121E+02,4.145556E+02,1.377570E-02,4.062261E-02,2.899522E+02,3.477851E+02,1.496418E-02,3.408044E-02,4.853168E+02,6.689854E+02,2.504735E-02,6.555524E-02
14:10:00,6.431512E+02,1.145771E+03,3.319351E-02,1.122761E-01,7.150777E+02,1.414837E+03,3.690592E-02,1.386435E-01,2.659708E+02,4.250684E+02,1.372712E-02,4.165273E-02,2.892942E+02,3.580935E+02,1.493022E-02,3.509058E-02,4.839293E+02,6.658722E+02,2.497574E-02,6.525018E-02
14:20:00,6.411771E+02,1.136389E+03,3.309163E-02,1.113567E-01,7.127140E+02,1.439248E+03,3.678392E-02,1.410355E-01,2.650581E+02,4.355629E+02,1.368001E-02,4.268107E-02,2.886570E+02,3.684670E+02,1.489733E-02,3.610708E-02,4.825827E+02,6.625466E+02,2.490624E-02,6.492430E-02
14:30:00,6.392587E+02,1.126263E+03,3.299261E-02,1.103645E-01,7.104156E+02,1.462202E+03,3.666530E-02,1.432847E-01,2.641727E+02,4.459075E+02,1.363431E-02,4.369472E-02,2.880395E+02,3.788289E+02,1.486546E-02,3.712244E-02,4.812756E+02,6.591092E+02,2.483878E-02,6.458747E-02
14:40:00,6.373937E+02,1.115420E+03,3.289636E-02,1.093019E-01,7.081803E+02,1.483458E+03,3.654993E-02,1.453675E-01,2.633136E+02,4.560078E+02,1.358998E-02,4.468442E-02,2.874411E+02,3.891367E+02,1.483458E-02,3.813249E-02,4.800063E+02,6.555711E+02,2.477327E-02,6.424077E-02
14:50:00,6.355805E+02,1.103882E+03,3.280277E-02,1.081713E-01,7.060058E+02,1.502889E+03,3.643771E-02,1.472715E-01,2.624798E+02,4.657919E+02,1.354694E-02,4.564314E-02,2.868609E+02,3.993119E+02,1.480464E-02,3.912955E-02,4.787736E+02,6.519203E+02,2.470965E-02,6.388303E-02
15:00:00,6.338170E+02,1.091686E+03,3.271176E-02,1.069762E-01,7.038901E+02,1.520411E+03,3.632851E-02,1.489884E-01,2.616701E+02,4.751936E+02,1.350515E-02,4.656438E-02,2.862983E+02,4.091518E+02,1.477560E-02,4.009375E-02,4.775759E+02,6.481420E+02,2.464784E-02,6.351278E-02
15:10:00,6.321017E+02,1.078869E+03,3.262323E-02,1.057202E-01,7.018311E+02,1.535965E+03,3.622224E-02,1.505125E-01,2.608838E+02,4.841571E+02,1.346457E-02,4.744269E-02,2.857524E+02,4.185182E+02,1.474742E-02,4.101155E-02,4.764122E+02,6.442199E+02,2.458777E-02,6.312846E-02
15:20:00,6.304328E+02,1.065730E+03,3.253710E-02,1.044328E-01,6.998268E+02,1.549156E+03,3.611880E-02,1.518050E-01,2.601200E+02,4.925626E+02,1.342515E-02,4.826630E-02,2.852227E+02,4.272813E+02,1.472008E-02,4.187023E-02,4.752810E+02,6.404115E+02,2.452940E-02,6.275527E-02
15:30:00,6.288088E+02,1.052268E+03,3.245328E-02,1.031136E-01,6.978756E+02,1.560216E+03,3.601809E-02,1.528888E-01,2.593778E+02,5.003871E+02,1.338684E-02,4.903300E-02,2.847085E+02,4.353258E+02,1.469355E-02,4.265849E-02,4.741814E+02,6.365608E+02,2.447264E-02,6.237793E-02
15:40:00,6.272282E+02,1.038570E+03,3.237170E-02,1.017713E-01,6.959756E+02,1.569292E+03,3.592003E-02,1.537780E-01,2.586564E+02,5.075848E+02,1.334961E-02,4.973827E-02,2.842094E+02,4.425163E+02,1.466779E-02,4.336306E-02,4.731122E+02,6.326060E+02,2.441746E-02,6.199040E-02
15:50:00,6.256896E+02,1.024769E+03,3.229229E-02,1.004189E-01,6.941252E+02,1.576471E+03,3.582452E-02,1.544814E-01,2.579552E+02,5.141057E+02,1.331342E-02,5.037722E-02,2.837247E+02,4.487750E+02,1.464277E-02,4.397633E-02,4.720723E+02,6.285129E+02,2.436379E-02,6.158932E-02
16:00:00,6.241916E+02,1.011023E+03,3.221498E-02,9.907198E-02,6.923227E+02,1.581879E+03,3.573150E-02,1.550113E-01,2.572734E+02,5.198993E+02,1.327823E-02,5.094490E-02,2.832539E+02,4.541479E+02,1.461847E-02,4.450279E-02,4.710609E+02,6.242545E+02,2.431159E-02,6.117203E-02
16:10:00,6.227329E+02,9.975031E+02,3.213969E-02,9.774710E-02,6.905668E+02,1.585699E+03,3.564087E-02,1.553856E-01,2.566104E+02,5.249014E+02,1.324401E-02,5.143503E-02,2.827965E+02,4.586461E+02,1.459487E-02,4.494354E-02,4.700769E+02,6.198146E+02,2.426080E-02,6.073695E-02
16:20:00,6.213122E+02,9.844055E+02,3.206637E-02,9.646367E-02,6.888559E+02,1.588100E+03,3.555257E-02,1.556208E-01,2.559655E+02,5.290976E+02,1.321072E-02,5.184618E-02,2.823521E+02,4.623126E+02,1.457193E-02,4.530279E-02,4.691194E+02,6.152626E+02,2.421139E-02,6.029090E-02
16:30:00,6.199284E+02,9.718226E+02,3.199495E-02,9.523067E-02,6.871887E+02,1.589104E+03,3.546652E-02,1.557191E-01,2.553381E+02,5.325177E+02,1.317834E-02,5.218130E-02,2.819202E+02,4.652604E+02,1.454964E-02,4.559163E-02,4.681876E+02,6.107623E+02,2.416330E-02,5.984991E-02
16:40:00,6.185804E+02,9.597643E+02,3.192538E-02,9.404909E-02,6.855638E+02,1.588570E+03,3.538266E-02,1.556667E-01,2.547276E+02,5.351889E+02,1.314683E-02,5.244302E-02,2.815005E+02,4.675801E+02,1.452798E-02,4.581892E-02,4.672807E+02,6.064584E+02,2.411649E-02,5.942816E-02
16:50:00,6.172669E+02,9.481879E+02,3.185759E-02,9.291473E-02,6.839799E+02,1.586309E+03,3.530091E-02,1.554452E-01,2.541336E+02,5.371243E+02,1.311617E-02,5.263264E-02,2.810924E+02,4.693342E+02,1.450692E-02,4.599078E-02,4.663979E+02,6.024739E+02,2.407093E-02,5.903772E-02
17:00:00,6.159870E+02,9.366736E+02,3.179153E-02,9.178645E-02,6.824358E+02,1.581288E+03,3.522122E-02,1.549531E-01,2.535554E+02,5.380882E+02,1.308633E-02,5.272708E-02,2.806956E+02,4.702655E+02,1.448644E-02,4.608201E-02,4.655383E+02,5.986229E+02,2.402656E-02,5.866037E-02
17:10:00,6.147397E+02,9.252503E+02,3.172715E-02,9.066708E-02,6.809303E+02,1.573647E+03,3.514352E-02,1.542044E-01,2.529926E+02,5.382211E+02,1.305729E-02,5.274008E-02,2.803097E+02,4.705865E+02,1.446652E-02,4.611346E-02,4.647014E+02,5.951094E+02,2.398337E-02,5.831609E-02
17:20:00,6.135239E+02,9.137893E+02,3.166441E-02,8.954402E-02,6.794623E+02,1.563167E+03,3.506775E-02,1.531773E-01,2.524446E+02,5.374981E+02,1.302900E-02,5.266921E-02,2.799344E+02,4.702811E+02,1.444716E-02,4.608352E-02,4.638863E+02,5.919205E+02,2.394130E-02,5.800362E-02
17:30:00,6.123388E+02,9.022075E+02,3.160324E-02,8.840911E-02,6.780307E+02,1.549626E+03,3.499386E-02,1.518504E-01,2.519111E+02,5.358144E+02,1.300147E-02,5.250421E-02,2.795693E+02,4.691863E+02,1.442831E-02,4.597621E-02,4.630925E+02,5.888911E+02,2.390033E-02,5.770677E-02
17:40:00,6.111834E+02,8.904482E+02,3.154361E-02,8.725680E-02,6.766344E+02,1.532873E+03,3.492180E-02,1.502086E-01,2.513915E+02,5.330453E+02,1.297465E-02,5.223285E-02,2.792142E+02,4.671155E+02,1.440999E-02,4.577328E-02,4.623192E+02,5.858331E+02,2.386042E-02,5.740713E-02
17:50:00,6.100569E+02,8.784894E+02,3.148547E-02,8.608496E-02,6.752724E+02,1.512797E+03,3.485150E-02,1.482413E-01,2.508855E+02,5.290628E+02,1.294853E-02,5.184260E-02,2.788686E+02,4.638708E+02,1.439215E-02,4.545532E-02,4.615658E+02,5.825461E+02,2.382154E-02,5.708504E-02
18:00:00,6.089584E+02,8.666121E+02,3.142877E-02,8.492109E-02,6.739438E+02,1.490021E+03,3.478293E-02,1.460094E-01,2.503926E+02,5.239550E+02,1.292309E-02,5.134207E-02,2.785324E+02,4.595274E+02,1.437480E-02,4.502969E-02,4.608319E+02,5.790889E+02,2.378366E-02,5.674626E-02
18:10:00,6.356538E+02,8.546409E+02,3.280654E-02,8.374802E-02,7.029915E+02,1.463954E+03,3.628212E-02,1.434551E-01,2.601807E+02,5.174766E+02,1.342827E-02,5.070724E-02,2.920138E+02,4.536421E+02,1.507056E-02,4.445296E-02,4.816240E+02,5.750758E+02,2.485675E-02,5.635301E-02
18:20:00,6.623870E+02,8.424628E+02,3.418616E-02,8.255468E-02,7.320838E+02,1.434339E+03,3.778349E-02,1.405530E-01,2.699844E+02,5.094434E+02,1.393423E-02,4.992005E-02,3.055085E+02,4.459148E+02,1.576694E-02,4.369574E-02,5.024427E+02,5.702097E+02,2.593112E-02,5.587616E-02
18:30:00,6.891669E+02,8.299000E+02,3.556795E-02,8.132363E-02,7.612282E+02,1.399984E+03,3.928735E-02,1.371865E-01,2.798071E+02,4.992560E+02,1.444108E-02,4.892178E-02,3.190233E+02,4.355699E+02,1.646413E-02,4.268200E-02,5.232963E+02,5.639466E+02,2.700707E-02,5.526242E-02
18:40:00,7.159952E+02,8.169615E+02,3.695194E-02,8.005578E-02,7.904277E+02,1.361783E+03,4.079377E-02,1.334431E-01,2.896490E+02,4.870972E+02,1.494882E-02,4.773032E-02,3.325568E+02,4.228282E+02,1.716204E-02,4.143340E-02,5.441851E+02,5.562485E+02,2.808456E-02,5.450805E-02
18:50:00,7.428637E+02,8.035517E+02,3.833777E-02,7.874173E-02,8.196741E+02,1.318667E+03,4.230237E-02,1.292180E-01,2.995078E+02,4.723653E+02,1.545735E-02,4.628673E-02,3.461045E+02,4.069524E+02,1.786051E-02,3.987769E-02,5.651024E+02,5.466043E+02,2.916332E-02,5.356298E-02
19:00:00,7.697666E+02,7.897032E+02,3.972523E-02,7.738470E-02,8.489609E+02,1.271990E+03,4.381292E-02,1.246440E-01,3.093816E+02,4.554697E+02,1.596661E-02,4.463112E-02,3.596639E+02,3.884619E+02,1.855953E-02,3.806575E-02,5.860437E+02,5.351367E+02,3.024320E-02,5.243921E-02
19:10:00,7.689331E+02,7.755161E+02,3.968113E-02,7.599448E-02,8.479397E+02,1.223457E+03,4.375916E-02,1.198881E-01,3.090011E+02,4.369951E+02,1.594661E-02,4.282078E-02,3.594252E+02,3.681523E+02,1.854644E-02,3.607556E-02,5.854988E+02,5.221729E+02,3.021413E-02,5.116883E-02
19:20:00,7.681210E+02,7.610965E+02,3.963821E-02,7.458148E-02,8.469447E+02,1.175524E+03,4.370681E-02,1.151911E-01,3.086325E+02,4.179895E+02,1.592725E-02,4.095842E-02,3.591932E+02,3.473295E+02,1.853376E-02,3.403509E-02,5.849681E+02,5.083434E+02,3.018587E-02,4.981362E-02
19:30:00,7.673185E+02,7.469574E+02,3.959601E-02,7.319597E-02,8.459644E+02,1.131270E+03,4.365542E-02,1.108545E-01,3.082715E+02,3.997741E+02,1.590835E-02,3.917350E-02,3.589600E+02,3.276190E+02,1.852126E-02,3.210363E-02,5.844414E+02,4.946690E+02,3.015803E-02,4.847361E-02
19:40:00,7.665203E+02,7.333158E+02,3.955432E-02,7.185922E-02,8.449915E+02,1.091082E+03,4.360468E-02,1.069165E-01,3.079160E+02,3.827107E+02,1.588984E-02,3.750149E-02,3.587261E+02,3.094061E+02,1.850896E-02,3.031895E-02,5.839159E+02,4.814967E+02,3.013053E-02,4.718284E-02
19:50:00,7.657318E+02,7.204203E+02,3.951336E-02,7.059558E-02,8.440312E+02,1.057066E+03,4.355482E-02,1.035834E-01,3.075673E+02,3.678825E+02,1.587176E-02,3.604851E-02,3.584949E+02,2.939522E+02,1.849697E-02,2.880464E-02,5.833964E+02,4.696075E+02,3.010354E-02,4.601780E-02
20:00:00,7.649568E+02,7.084054E+02,3.947325E-02,6.941824E-02,8.430874E+02,1.028856E+03,4.350595E-02,1.008192E-01,3.072260E+02,3.553585E+02,1.585410E-02,3.482133E-02,3.582680E+02,2.812639E+02,1.848525E-02,2.756134E-02,5.828860E+02,4.591656E+02,3.007713E-02,4.499461E-02
20:10:00,7.641974E+02,6.973757E+02,3.943400E-02,6.833745E-02,8.421621E+02,1.005731E+03,4.345811E-02,9.855321E-02,3.068924E+02,3.450027E+02,1.583687E-02,3.380662E-02,3.580459E+02,2.711154E+02,1.847379E-02,2.656694E-02,5.823862E+02,4.502120E+02,3.005131E-02,4.411727E-02
20:20:00,7.634495E+02,6.873803E+02,3.939537E-02,6.735802E-02,8.412503E+02,9.860722E+02,4.341101E-02,9.662700E-02,3.065643E+02,3.362172E+02,1.581992E-02,3.294578E-02,3.578272E+02,2.627241E+02,1.846251E-02,2.574472E-02,5.818942E+02,4.424540E+02,3.002591E-02,4.335709E-02
20:30:00,7.627136E+02,6.781531E+02,3.935737E-02,6.645386E-02,8.403530E+02,9.686702E+02,4.336467E-02,9.492187E-02,3.062416E+02,3.285705E+02,1.580326E-02,3.219653E-02,3.576122E+02,2.555184E+02,1.845141E-02,2.503868E-02,5.814104E+02,4.355081E+02,3.000093E-02,4.267649E-02
20:40:00,7.619912E+02,6.695522E+02,3.932008E-02,6.561108E-02,8.394720E+02,9.529326E+02,4.331918E-02,9.337982E-02,3.059249E+02,3.218231E+02,1.578691E-02,3.153539E-02,3.574010E+02,2.492059E+02,1.844051E-02,2.442014E-02,5.809355E+02,4.291933E+02,2.997642E-02,4.205773E-02
20:50:00,7.612829E+02,6.614848E+02,3.928352E-02,6.482057E-02,8.386080E+02,9.384943E+02,4.327458E-02,9.196506E-02,3.056144E+02,3.158050E+02,1.577089E-02,3.094571E-02,3.571939E+02,2.435978E+02,1.842982E-02,2.387063E-02,5.804702E+02,4.233952E+02,2.995240E-02,4.148959E-02
21:00:00,7.605889E+02,6.538751E+02,3.924770E-02,6.407491E-02,8.377614E+02,9.250958E+02,4.323088E-02,9.065218E-02,3.053102E+02,3.103828E+02,1.575519E-02,3.041442E-02,3.569911E+02,2.385552E+02,1.841936E-02,2.337653E-02,5.800144E+02,4.180271E+02,2.992888E-02,4.096358E-02
21:10:00,7.599095E+02,6.466355E+02,3.921264E-02,6.336551E-02,8.369323E+02,9.125166E+02,4.318809E-02,8.941957E-02,3.050123E+02,3.054408E+02,1.573981E-02,2.993017E-02,3.567927E+02,2.339599E+02,1.840912E-02,2.292624E-02,5.795683E+02,4.130012E+02,2.990586E-02,4.047110E-02
21:20:00,7.592445E+02,6.397129E+02,3.917832E-02,6.268717E-02,8.361208E+02,9.006100E+02,4.314621E-02,8.825286E-02,3.047208E+02,3.008931E+02,1.572477E-02,2.948456E-02,3.565985E+02,2.297285E+02,1.839910E-02,2.251162E-02,5.791320E+02,4.082616E+02,2.988335E-02,4.000667E-02
21:30:00,7.585938E+02,6.330636E+02,3.914475E-02,6.203561E-02,8.353266E+02,8.892628E+02,4.310523E-02,8.714097E-02,3.044357E+02,2.966708E+02,1.571005E-02,2.907084E-02,3.564087E+02,2.257955E+02,1.838930E-02,2.212623E-02,5.787053E+02,4.037627E+02,2.986133E-02,3.956584E-02
21:40:00,7.579575E+02,6.266516E+02,3.911191E-02,6.140730E-02,8.345496E+02,8.783878E+02,4.306513E-02,8.607533E-02,3.041568E+02,2.927185E+02,1.569566E-02,2.868357E-02,3.562231E+02,2.221090E+02,1.837973E-02,2.176500E-02,5.782881E+02,3.994678E+02,2.983980E-02,3.914499E-02
21:50:00,7.573352E+02,6.204477E+02,3.907979E-02,6.079939E-02,8.337896E+02,8.679172E+02,4.302591E-02,8.504932E-02,3.038841E+02,2.889917E+02,1.568159E-02,2.831839E-02,3.560418E+02,2.186277E+02,1.837038E-02,2.142388E-02,5.778804E+02,3.953471E+02,2.981876E-02,3.874120E-02
22:00:00,7.567267E+02,6.144282E+02,3.904839E-02,6.020954E-02,8.330464E+02,8.577979E+02,4.298756E-02,8.405774E-02,3.036176E+02,2.854549E+02,1.566784E-02,2.797183E-02,3.558647E+02,2.153190E+02,1.836124E-02,2.109966E-02,5.774819E+02,3.913763E+02,2.979820E-02,3.835210E-02
22:10:00,6.303512E+02,5.212718E+02,3.252720E-02,5.083934E-02,6.938945E+02,7.370318E+02,3.580693E-02,7.168242E-02,2.529032E+02,2.405729E+02,1.305078E-02,2.348767E-02,2.975103E+02,1.820240E+02,1.533865E-02,1.775535E-02,4.810683E+02,3.292995E+02,2.482323E-02,3.216880E-02
22:20:00,5.040805E+02,4.378462E+02,2.601142E-02,4.226066E-02,5.548707E+02,6.294332E+02,2.863290E-02,6.039680E-02,2.022348E+02,1.991330E+02,1.043609E-02,1.928750E-02,2.474820E+02,1.511880E+02,1.265145E-02,1.461890E-02,3.897464E+02,2.731579E+02,2.005388E-02,2.646003E-02
22:30:00,3.900888E+02,3.630571E+02,1.999045E-02,3.434687E-02,4.226268E+02,5.350122E+02,2.173342E-02,5.011684E-02,1.516112E+02,1.609536E+02,7.823724E-03,1.534527E-02,2.037194E+02,1.227810E+02,1.021636E-02,1.167446E-02,3.087681E+02,2.220157E+02,1.570083E-02,2.114872E-02
22:40:00,2.881429E+02,2.978217E+02,1.445501E-02,2.719070E-02,3.036137E+02,4.511250E+02,1.537038E-02,4.068403E-02,1.010316E+02,1.277202E+02,5.213620E-03,1.179650E-02,1.635381E+02,9.771318E+01,7.925104E-03,8.998775E-03,2.363302E+02,1.777178E+02,1.169264E-02,1.637895E-02
22:50:00,1.949446E+02,2.342715E+02,9.271947E-03,2.018462E-02,1.943439E+02,3.708458E+02,9.397817E-03,3.156312E-02,5.110541E+01,9.561798E+01,2.630579E-03,8.346408E-03,1.255979E+02,7.368967E+01,5.724196E-03,6.414364E-03,1.687371E+02,1.341798E+02,7.878972E-03,1.168094E-02
23:00:00,1.064642E+02,1.741885E+02,4.279421E-03,1.346564E-02,9.298223E+01,2.946581E+02,3.742919E-03,2.279051E-02,5.974745E+00,6.544836E+01,2.404480E-04,5.056392E-03,8.964857E+01,5.101296E+01,3.603584E-03,3.944176E-03,1.047960E+02,9.307974E+01,4.212746E-03,7.183750E-03
23:10:00,1.484366E+02,2.037236E+02,5.966143E-03,1.574100E-02,1.338722E+02,3.323819E+02,5.386187E-03,2.569179E-02,1.474520E+01,7.822436E+01,5.929313E-04,6.041409E-03,1.134527E+02,5.951762E+01,4.560005E-03,4.599304E-03,1.398653E+02,1.118248E+02,5.622002E-03,8.630095E-03
23:20:00,1.933290E+02,2.257114E+02,7.770167E-03,1.741513E-02,1.787157E+02,3.598013E+02,7.188306E-03,2.776107E-02,2.498651E+01,8.898086E+01,1.004515E-03,6.865343E-03,1.301829E+02,6.662255E+01,5.231655E-03,5.140575E-03,1.720470E+02,1.261801E+02,6.914967E-03,9.735638E-03
23:30:00,2.284775E+02,2.409939E+02,9.182378E-03,1.859450E-02,2.198187E+02,3.765769E+02,8.839412E-03,2.905573E-02,3.730611E+01,9.774042E+01,1.499613E-03,7.541281E-03,1.418030E+02,7.223817E+01,5.697943E-03,5.573992E-03,1.956175E+02,1.369104E+02,7.861971E-03,1.056372E-02
23:40:00,2.536376E+02,2.484430E+02,1.019283E-02,1.916953E-02,2.502772E+02,3.850826E+02,1.005938E-02,2.971232E-02,5.115531E+01,1.026789E+02,2.056165E-03,7.922426E-03,1.510684E+02,7.535094E+01,6.069976E-03,5.814303E-03,2.122499E+02,1.420248E+02,8.529196E-03,1.095853E-02
23:50:00,2.717376E+02,2.557502E+02,1.091981E-02,1.973355E-02,2.731694E+02,3.920204E+02,1.097768E-02,3.024787E-02,6.568109E+01,1.074906E+02,2.639579E-03,8.293764E-03,1.592431E+02,7.816618E+01,6.398211E-03,6.031628E-03,2.257564E+02,1.474822E+02,9.071673E-03,1.137976E-02
24:00:00,2.871217E+02,2.609813E+02,1.153775E-02,2.013733E-02,2.900041E+02,3.967182E+02,1.165399E-02,3.061051E-02,7.652277E+01,1.112675E+02,3.075211E-03,8.585247E-03,1.664867E+02,8.030291E+01,6.689049E-03,6.196572E-03,2.372598E+02,1.514942E+02,9.533672E-03,1.168944E-02
Peak,8.789415E+02,1.410488E+03,4.509761E-02,1.382160E-01,9.854384E+02,1.589104E+03,5.054703E-02,1.557191E-01,4.006698E+02,5.382211E+02,2.056388E-02,5.274008E-02,3.898382E+02,4.705865E+02,2.002032E-02,4.611346E-02,6.593452E+02,9.130476E+02,3.384087E-02,8.947112E-02

Peak Vol Flow (m3/s),,,3.747354E-02,1.148496E-01,,,4.200169E-02,1.293937E-01,,,1.708741E-02,4.382399E-02,,,1.663574E-02,3.831765E-02,,,2.811982E-02,7.434538E-02
